Model,Validation Accuracy,Validation Precision,Validation Recall,Validation F1-Score,Test Accuracy,Test Precision,Test Recall,Test F1-Score
VGG16,0.9871794871794872,0.9879242371352663,0.9871794871794872,0.9874561964714417,0.9930969563853154,0.9936252113239491,0.9930969563853154,0.9932924536680333
ResNet50,0.8443223443223443,0.8629496186953554,0.8443223443223443,0.8413059777093012,0.8832758079698776,0.8945601865495536,0.8832758079698776,0.8816710068698492
MobileNet,0.9981684981684982,0.9981778425655977,0.9981684981684982,0.99814674753946,0.9987449011609665,0.998751367986679,0.9987449011609665,0.9986848614706979
InceptionV3,0.9981684981684982,0.9981814020867772,0.9981684981684982,0.9981451890020513,0.9981173517414497,0.9981230091624054,0.9981173517414497,0.9980579358611537
EfficientNetB0,0.9056776556776557,0.9071665786195663,0.9056776556776557,0.9017179174957686,0.892375274552871,0.8982560261626988,0.892375274552871,0.8907077556075409
CNN_Scratch,0.9844322344322345,0.9767923108749538,0.9844322344322345,0.9804453943402746,0.9818010668340131,0.981356898321609,0.9818010668340131,0.9805320677689021
